cwchatteruser1@618.org,test1234
cwchatteruser2@618.org,test1234
cwchatteruser3@618.org,test1234
cwchatteruser4@618.org,test1234
cwchatteruser5@618.org,test1234
cwchatteruser6@618.org,test1234
cwchatteruser7@618.org,test1234
cwchatteruser8@618.org,test1234
cwchatteruser9@618.org,test1234
cwchatteruser10@618.org,test1234
cwchatteruser11@618.org,test1234
cwchatteruser12@618.org,test1234
cwchatteruser13@618.org,test1234
cwchatteruser14@618.org,test1234
cwchatteruser15@618.org,test1234
cwchatteruser16@618.org,test1234
cwchatteruser17@618.org,test1234
cwchatteruser18@618.org,test1234
cwchatteruser19@618.org,test1234
cwchatteruser20@618.org,test1234
cwchatteruser21@618.org,test1234
cwchatteruser22@618.org,test1234
cwchatteruser23@618.org,test1234
cwchatteruser24@618.org,test1234
cwchatteruser25@618.org,test1234
cwchatteruser26@618.org,test1234
cwchatteruser27@618.org,test1234
cwchatteruser28@618.org,test1234
cwchatteruser29@618.org,test1234
cwchatteruser30@618.org,test1234
cwchatteruser31@618.org,test1234
cwchatteruser32@618.org,test1234
cwchatteruser33@618.org,test1234
cwchatteruser34@618.org,test1234
cwchatteruser35@618.org,test1234
cwchatteruser36@618.org,test1234
cwchatteruser37@618.org,test1234
cwchatteruser38@618.org,test1234
cwchatteruser39@618.org,test1234
cwchatteruser40@618.org,test1234
cwchatteruser41@618.org,test1234
cwchatteruser42@618.org,test1234
cwchatteruser43@618.org,test1234
cwchatteruser44@618.org,test1234
cwchatteruser45@618.org,test1234
cwchatteruser46@618.org,test1234
cwchatteruser47@618.org,test1234
cwchatteruser48@618.org,test1234
cwchatteruser49@618.org,test1234
cwchatteruser50@618.org,test1234
cwchatteruser51@618.org,test1234
cwchatteruser52@618.org,test1234
cwchatteruser53@618.org,test1234
cwchatteruser54@618.org,test1234
cwchatteruser55@618.org,test1234
cwchatteruser56@618.org,test1234
cwchatteruser57@618.org,test1234
cwchatteruser58@618.org,test1234
cwchatteruser59@618.org,test1234
cwchatteruser60@618.org,test1234
cwchatteruser61@618.org,test1234
cwchatteruser62@618.org,test1234
cwchatteruser63@618.org,test1234
cwchatteruser64@618.org,test1234
cwchatteruser65@618.org,test1234
cwchatteruser66@618.org,test1234
cwchatteruser67@618.org,test1234
cwchatteruser68@618.org,test1234
cwchatteruser69@618.org,test1234
cwchatteruser70@618.org,test1234
cwchatteruser71@618.org,test1234
cwchatteruser72@618.org,test1234
cwchatteruser73@618.org,test1234
cwchatteruser74@618.org,test1234
cwchatteruser75@618.org,test1234
cwchatteruser76@618.org,test1234
cwchatteruser77@618.org,test1234
cwchatteruser78@618.org,test1234
cwchatteruser79@618.org,test1234
cwchatteruser80@618.org,test1234
cwchatteruser81@618.org,test1234
cwchatteruser82@618.org,test1234
cwchatteruser83@618.org,test1234
cwchatteruser84@618.org,test1234
cwchatteruser85@618.org,test1234
cwchatteruser86@618.org,test1234
cwchatteruser87@618.org,test1234
cwchatteruser88@618.org,test1234
cwchatteruser89@618.org,test1234
cwchatteruser90@618.org,test1234
cwchatteruser91@618.org,test1234
cwchatteruser92@618.org,test1234
cwchatteruser93@618.org,test1234
cwchatteruser94@618.org,test1234
cwchatteruser95@618.org,test1234
cwchatteruser96@618.org,test1234
cwchatteruser97@618.org,test1234
cwchatteruser98@618.org,test1234
cwchatteruser99@618.org,test1234
cwchatteruser100@618.org,test1234
cwchatteruser101@618.org,test1234
cwchatteruser102@618.org,test1234
cwchatteruser103@618.org,test1234
cwchatteruser104@618.org,test1234
cwchatteruser105@618.org,test1234
cwchatteruser106@618.org,test1234
cwchatteruser107@618.org,test1234
cwchatteruser108@618.org,test1234
cwchatteruser109@618.org,test1234
cwchatteruser110@618.org,test1234
cwchatteruser111@618.org,test1234
cwchatteruser112@618.org,test1234
cwchatteruser113@618.org,test1234
cwchatteruser114@618.org,test1234
cwchatteruser115@618.org,test1234
cwchatteruser116@618.org,test1234
cwchatteruser117@618.org,test1234
cwchatteruser118@618.org,test1234
cwchatteruser119@618.org,test1234
cwchatteruser120@618.org,test1234
cwchatteruser121@618.org,test1234
cwchatteruser122@618.org,test1234
cwchatteruser123@618.org,test1234
cwchatteruser124@618.org,test1234
cwchatteruser125@618.org,test1234
cwchatteruser126@618.org,test1234
cwchatteruser127@618.org,test1234
cwchatteruser128@618.org,test1234
cwchatteruser129@618.org,test1234
cwchatteruser130@618.org,test1234
cwchatteruser131@618.org,test1234
cwchatteruser132@618.org,test1234
cwchatteruser133@618.org,test1234
cwchatteruser134@618.org,test1234
cwchatteruser135@618.org,test1234
cwchatteruser136@618.org,test1234
cwchatteruser137@618.org,test1234
cwchatteruser138@618.org,test1234
cwchatteruser139@618.org,test1234
cwchatteruser140@618.org,test1234
cwchatteruser141@618.org,test1234
cwchatteruser142@618.org,test1234
cwchatteruser143@618.org,test1234
cwchatteruser144@618.org,test1234
cwchatteruser145@618.org,test1234
cwchatteruser146@618.org,test1234
cwchatteruser147@618.org,test1234
cwchatteruser148@618.org,test1234
cwchatteruser149@618.org,test1234
cwchatteruser150@618.org,test1234
cwchatteruser151@618.org,test1234
cwchatteruser152@618.org,test1234
cwchatteruser153@618.org,test1234
cwchatteruser154@618.org,test1234
cwchatteruser155@618.org,test1234
cwchatteruser156@618.org,test1234
cwchatteruser157@618.org,test1234
cwchatteruser158@618.org,test1234
cwchatteruser159@618.org,test1234
cwchatteruser160@618.org,test1234
cwchatteruser161@618.org,test1234
cwchatteruser162@618.org,test1234
cwchatteruser163@618.org,test1234
cwchatteruser164@618.org,test1234
cwchatteruser165@618.org,test1234
cwchatteruser166@618.org,test1234
cwchatteruser167@618.org,test1234
cwchatteruser168@618.org,test1234
cwchatteruser169@618.org,test1234
cwchatteruser170@618.org,test1234
cwchatteruser171@618.org,test1234
cwchatteruser172@618.org,test1234
cwchatteruser173@618.org,test1234
cwchatteruser174@618.org,test1234
cwchatteruser175@618.org,test1234
cwchatteruser176@618.org,test1234
cwchatteruser177@618.org,test1234
cwchatteruser178@618.org,test1234
cwchatteruser179@618.org,test1234
cwchatteruser180@618.org,test1234
cwchatteruser181@618.org,test1234
cwchatteruser182@618.org,test1234
cwchatteruser183@618.org,test1234
cwchatteruser184@618.org,test1234
cwchatteruser185@618.org,test1234
cwchatteruser186@618.org,test1234
cwchatteruser187@618.org,test1234
cwchatteruser188@618.org,test1234
cwchatteruser189@618.org,test1234
cwchatteruser190@618.org,test1234
cwchatteruser191@618.org,test1234
cwchatteruser192@618.org,test1234
cwchatteruser193@618.org,test1234
cwchatteruser194@618.org,test1234
cwchatteruser195@618.org,test1234
cwchatteruser196@618.org,test1234
cwchatteruser197@618.org,test1234
cwchatteruser198@618.org,test1234
cwchatteruser199@618.org,test1234
cwchatteruser200@618.org,test1234
cwchatteruser201@618.org,test1234
cwchatteruser202@618.org,test1234
cwchatteruser203@618.org,test1234
cwchatteruser204@618.org,test1234
cwchatteruser205@618.org,test1234
cwchatteruser206@618.org,test1234
cwchatteruser207@618.org,test1234
cwchatteruser208@618.org,test1234
cwchatteruser209@618.org,test1234
cwchatteruser210@618.org,test1234
cwchatteruser211@618.org,test1234
cwchatteruser212@618.org,test1234
cwchatteruser213@618.org,test1234
cwchatteruser214@618.org,test1234
cwchatteruser215@618.org,test1234
cwchatteruser216@618.org,test1234
cwchatteruser217@618.org,test1234
cwchatteruser218@618.org,test1234
cwchatteruser219@618.org,test1234
cwchatteruser220@618.org,test1234
cwchatteruser221@618.org,test1234
cwchatteruser222@618.org,test1234
cwchatteruser223@618.org,test1234
cwchatteruser224@618.org,test1234
cwchatteruser225@618.org,test1234
cwchatteruser226@618.org,test1234
cwchatteruser227@618.org,test1234
cwchatteruser228@618.org,test1234
cwchatteruser229@618.org,test1234
cwchatteruser230@618.org,test1234
cwchatteruser231@618.org,test1234
cwchatteruser232@618.org,test1234
cwchatteruser233@618.org,test1234
cwchatteruser234@618.org,test1234
cwchatteruser235@618.org,test1234
cwchatteruser236@618.org,test1234
cwchatteruser237@618.org,test1234
cwchatteruser238@618.org,test1234
cwchatteruser239@618.org,test1234
cwchatteruser240@618.org,test1234
cwchatteruser241@618.org,test1234
cwchatteruser242@618.org,test1234
cwchatteruser243@618.org,test1234
cwchatteruser244@618.org,test1234
cwchatteruser245@618.org,test1234
cwchatteruser246@618.org,test1234
cwchatteruser247@618.org,test1234
cwchatteruser248@618.org,test1234
cwchatteruser249@618.org,test1234
cwchatteruser250@618.org,test1234
cwchatteruser251@618.org,test1234
cwchatteruser252@618.org,test1234
cwchatteruser253@618.org,test1234
cwchatteruser254@618.org,test1234
cwchatteruser255@618.org,test1234
cwchatteruser256@618.org,test1234
cwchatteruser257@618.org,test1234
cwchatteruser258@618.org,test1234
cwchatteruser259@618.org,test1234
cwchatteruser260@618.org,test1234
cwchatteruser261@618.org,test1234
cwchatteruser262@618.org,test1234
cwchatteruser263@618.org,test1234
cwchatteruser264@618.org,test1234
cwchatteruser265@618.org,test1234
cwchatteruser266@618.org,test1234
cwchatteruser267@618.org,test1234
cwchatteruser268@618.org,test1234
cwchatteruser269@618.org,test1234
cwchatteruser270@618.org,test1234
cwchatteruser271@618.org,test1234
cwchatteruser272@618.org,test1234
cwchatteruser273@618.org,test1234
cwchatteruser274@618.org,test1234
cwchatteruser275@618.org,test1234
cwchatteruser276@618.org,test1234
cwchatteruser277@618.org,test1234
cwchatteruser278@618.org,test1234
cwchatteruser279@618.org,test1234
cwchatteruser280@618.org,test1234
cwchatteruser281@618.org,test1234
cwchatteruser282@618.org,test1234
cwchatteruser283@618.org,test1234
cwchatteruser284@618.org,test1234
cwchatteruser285@618.org,test1234
cwchatteruser286@618.org,test1234
cwchatteruser287@618.org,test1234
cwchatteruser288@618.org,test1234
cwchatteruser289@618.org,test1234
cwchatteruser290@618.org,test1234
cwchatteruser291@618.org,test1234
cwchatteruser292@618.org,test1234
cwchatteruser293@618.org,test1234
cwchatteruser294@618.org,test1234
cwchatteruser295@618.org,test1234
cwchatteruser296@618.org,test1234
cwchatteruser297@618.org,test1234
cwchatteruser298@618.org,test1234
cwchatteruser299@618.org,test1234
cwchatteruser300@618.org,test1234
cwchatteruser301@618.org,test1234
cwchatteruser302@618.org,test1234
cwchatteruser303@618.org,test1234
cwchatteruser304@618.org,test1234
cwchatteruser305@618.org,test1234
cwchatteruser306@618.org,test1234
cwchatteruser307@618.org,test1234
cwchatteruser308@618.org,test1234
cwchatteruser309@618.org,test1234
cwchatteruser310@618.org,test1234
cwchatteruser311@618.org,test1234
cwchatteruser312@618.org,test1234
cwchatteruser313@618.org,test1234
cwchatteruser314@618.org,test1234
cwchatteruser315@618.org,test1234
cwchatteruser316@618.org,test1234
cwchatteruser317@618.org,test1234
cwchatteruser318@618.org,test1234
cwchatteruser319@618.org,test1234
cwchatteruser320@618.org,test1234
cwchatteruser321@618.org,test1234
cwchatteruser322@618.org,test1234
cwchatteruser323@618.org,test1234
cwchatteruser324@618.org,test1234
cwchatteruser325@618.org,test1234
cwchatteruser326@618.org,test1234
cwchatteruser327@618.org,test1234
cwchatteruser328@618.org,test1234
cwchatteruser329@618.org,test1234
cwchatteruser330@618.org,test1234
cwchatteruser331@618.org,test1234
cwchatteruser332@618.org,test1234
cwchatteruser333@618.org,test1234
cwchatteruser334@618.org,test1234
cwchatteruser335@618.org,test1234
cwchatteruser336@618.org,test1234
cwchatteruser337@618.org,test1234
cwchatteruser338@618.org,test1234
cwchatteruser339@618.org,test1234
cwchatteruser340@618.org,test1234
cwchatteruser341@618.org,test1234
cwchatteruser342@618.org,test1234
cwchatteruser343@618.org,test1234
cwchatteruser344@618.org,test1234
cwchatteruser345@618.org,test1234
cwchatteruser346@618.org,test1234
cwchatteruser347@618.org,test1234
cwchatteruser348@618.org,test1234
cwchatteruser349@618.org,test1234
cwchatteruser350@618.org,test1234
cwchatteruser351@618.org,test1234
cwchatteruser352@618.org,test1234
cwchatteruser353@618.org,test1234
cwchatteruser354@618.org,test1234
cwchatteruser355@618.org,test1234
cwchatteruser356@618.org,test1234
cwchatteruser357@618.org,test1234
cwchatteruser358@618.org,test1234
cwchatteruser359@618.org,test1234
cwchatteruser360@618.org,test1234
cwchatteruser361@618.org,test1234
cwchatteruser362@618.org,test1234
cwchatteruser363@618.org,test1234
cwchatteruser364@618.org,test1234
cwchatteruser365@618.org,test1234
cwchatteruser366@618.org,test1234
cwchatteruser367@618.org,test1234
cwchatteruser368@618.org,test1234
cwchatteruser369@618.org,test1234
cwchatteruser370@618.org,test1234
cwchatteruser371@618.org,test1234
cwchatteruser372@618.org,test1234
cwchatteruser373@618.org,test1234
cwchatteruser374@618.org,test1234
cwchatteruser375@618.org,test1234
cwchatteruser376@618.org,test1234
cwchatteruser377@618.org,test1234
cwchatteruser378@618.org,test1234
cwchatteruser379@618.org,test1234
cwchatteruser380@618.org,test1234
cwchatteruser381@618.org,test1234
cwchatteruser382@618.org,test1234
cwchatteruser383@618.org,test1234
cwchatteruser384@618.org,test1234
cwchatteruser385@618.org,test1234
cwchatteruser386@618.org,test1234
cwchatteruser387@618.org,test1234
cwchatteruser388@618.org,test1234
cwchatteruser389@618.org,test1234
cwchatteruser390@618.org,test1234
cwchatteruser391@618.org,test1234
cwchatteruser392@618.org,test1234
cwchatteruser393@618.org,test1234
cwchatteruser394@618.org,test1234
cwchatteruser395@618.org,test1234
cwchatteruser396@618.org,test1234
cwchatteruser397@618.org,test1234
cwchatteruser398@618.org,test1234
cwchatteruser399@618.org,test1234
cwchatteruser400@618.org,test1234
cwchatteruser401@618.org,test1234
cwchatteruser402@618.org,test1234
cwchatteruser403@618.org,test1234
cwchatteruser404@618.org,test1234
cwchatteruser405@618.org,test1234
cwchatteruser406@618.org,test1234
cwchatteruser407@618.org,test1234
cwchatteruser408@618.org,test1234
cwchatteruser409@618.org,test1234
cwchatteruser410@618.org,test1234
cwchatteruser411@618.org,test1234
cwchatteruser412@618.org,test1234
cwchatteruser413@618.org,test1234
cwchatteruser414@618.org,test1234
cwchatteruser415@618.org,test1234
cwchatteruser416@618.org,test1234
cwchatteruser417@618.org,test1234
cwchatteruser418@618.org,test1234
cwchatteruser419@618.org,test1234
cwchatteruser420@618.org,test1234
cwchatteruser421@618.org,test1234
cwchatteruser422@618.org,test1234
cwchatteruser423@618.org,test1234
cwchatteruser424@618.org,test1234
cwchatteruser425@618.org,test1234
cwchatteruser426@618.org,test1234
cwchatteruser427@618.org,test1234
cwchatteruser428@618.org,test1234
cwchatteruser429@618.org,test1234
cwchatteruser430@618.org,test1234
cwchatteruser431@618.org,test1234
cwchatteruser432@618.org,test1234
cwchatteruser433@618.org,test1234
cwchatteruser434@618.org,test1234
cwchatteruser435@618.org,test1234
cwchatteruser436@618.org,test1234
cwchatteruser437@618.org,test1234
cwchatteruser438@618.org,test1234
cwchatteruser439@618.org,test1234
cwchatteruser440@618.org,test1234
cwchatteruser441@618.org,test1234
cwchatteruser442@618.org,test1234
cwchatteruser443@618.org,test1234
cwchatteruser444@618.org,test1234
cwchatteruser445@618.org,test1234
cwchatteruser446@618.org,test1234
cwchatteruser447@618.org,test1234
cwchatteruser448@618.org,test1234
cwchatteruser449@618.org,test1234
cwchatteruser450@618.org,test1234
cwchatteruser451@618.org,test1234
cwchatteruser452@618.org,test1234
cwchatteruser453@618.org,test1234
cwchatteruser454@618.org,test1234
cwchatteruser455@618.org,test1234
cwchatteruser456@618.org,test1234
cwchatteruser457@618.org,test1234
cwchatteruser458@618.org,test1234
cwchatteruser459@618.org,test1234
cwchatteruser460@618.org,test1234
cwchatteruser461@618.org,test1234
cwchatteruser462@618.org,test1234
cwchatteruser463@618.org,test1234
cwchatteruser464@618.org,test1234
cwchatteruser465@618.org,test1234
cwchatteruser466@618.org,test1234
cwchatteruser467@618.org,test1234
cwchatteruser468@618.org,test1234
cwchatteruser469@618.org,test1234
cwchatteruser470@618.org,test1234
cwchatteruser471@618.org,test1234
cwchatteruser472@618.org,test1234
cwchatteruser473@618.org,test1234
cwchatteruser474@618.org,test1234
cwchatteruser475@618.org,test1234
cwchatteruser476@618.org,test1234
cwchatteruser477@618.org,test1234
cwchatteruser478@618.org,test1234
cwchatteruser479@618.org,test1234
cwchatteruser480@618.org,test1234
cwchatteruser481@618.org,test1234
cwchatteruser482@618.org,test1234
cwchatteruser483@618.org,test1234
cwchatteruser484@618.org,test1234
cwchatteruser485@618.org,test1234
cwchatteruser486@618.org,test1234
cwchatteruser487@618.org,test1234
cwchatteruser488@618.org,test1234
cwchatteruser489@618.org,test1234
cwchatteruser490@618.org,test1234
cwchatteruser491@618.org,test1234
cwchatteruser492@618.org,test1234
cwchatteruser493@618.org,test1234
cwchatteruser494@618.org,test1234
cwchatteruser495@618.org,test1234
cwchatteruser496@618.org,test1234
cwchatteruser497@618.org,test1234
cwchatteruser498@618.org,test1234
cwchatteruser499@618.org,test1234
cwchatteruser500@618.org,test1234
cwchatteruser501@618.org,test1234
cwchatteruser502@618.org,test1234
cwchatteruser503@618.org,test1234
cwchatteruser504@618.org,test1234
cwchatteruser505@618.org,test1234
cwchatteruser506@618.org,test1234
cwchatteruser507@618.org,test1234
cwchatteruser508@618.org,test1234
cwchatteruser509@618.org,test1234
cwchatteruser510@618.org,test1234
cwchatteruser511@618.org,test1234
cwchatteruser512@618.org,test1234
cwchatteruser513@618.org,test1234
cwchatteruser514@618.org,test1234
cwchatteruser515@618.org,test1234
cwchatteruser516@618.org,test1234
cwchatteruser517@618.org,test1234
cwchatteruser518@618.org,test1234
cwchatteruser519@618.org,test1234
cwchatteruser520@618.org,test1234
cwchatteruser521@618.org,test1234
cwchatteruser522@618.org,test1234
cwchatteruser523@618.org,test1234
cwchatteruser524@618.org,test1234
cwchatteruser525@618.org,test1234
cwchatteruser526@618.org,test1234
cwchatteruser527@618.org,test1234
cwchatteruser528@618.org,test1234
cwchatteruser529@618.org,test1234
cwchatteruser530@618.org,test1234
cwchatteruser531@618.org,test1234
cwchatteruser532@618.org,test1234
cwchatteruser533@618.org,test1234
cwchatteruser534@618.org,test1234
cwchatteruser535@618.org,test1234
cwchatteruser536@618.org,test1234
cwchatteruser537@618.org,test1234
cwchatteruser538@618.org,test1234
cwchatteruser539@618.org,test1234
cwchatteruser540@618.org,test1234
cwchatteruser541@618.org,test1234
cwchatteruser542@618.org,test1234
cwchatteruser543@618.org,test1234
cwchatteruser544@618.org,test1234
cwchatteruser545@618.org,test1234
cwchatteruser546@618.org,test1234
cwchatteruser547@618.org,test1234
cwchatteruser548@618.org,test1234
cwchatteruser549@618.org,test1234
cwchatteruser550@618.org,test1234
cwchatteruser551@618.org,test1234
cwchatteruser552@618.org,test1234
cwchatteruser553@618.org,test1234
cwchatteruser554@618.org,test1234
cwchatteruser555@618.org,test1234
cwchatteruser556@618.org,test1234
cwchatteruser557@618.org,test1234
cwchatteruser558@618.org,test1234
cwchatteruser559@618.org,test1234
cwchatteruser560@618.org,test1234
cwchatteruser561@618.org,test1234
cwchatteruser562@618.org,test1234
cwchatteruser563@618.org,test1234
cwchatteruser564@618.org,test1234
cwchatteruser565@618.org,test1234
cwchatteruser566@618.org,test1234
cwchatteruser567@618.org,test1234
cwchatteruser568@618.org,test1234
cwchatteruser569@618.org,test1234
cwchatteruser570@618.org,test1234
cwchatteruser571@618.org,test1234
cwchatteruser572@618.org,test1234
cwchatteruser573@618.org,test1234
cwchatteruser574@618.org,test1234
cwchatteruser575@618.org,test1234
cwchatteruser576@618.org,test1234
cwchatteruser577@618.org,test1234
cwchatteruser578@618.org,test1234
cwchatteruser579@618.org,test1234
cwchatteruser580@618.org,test1234
cwchatteruser581@618.org,test1234
cwchatteruser582@618.org,test1234
cwchatteruser583@618.org,test1234
cwchatteruser584@618.org,test1234
cwchatteruser585@618.org,test1234
cwchatteruser586@618.org,test1234
cwchatteruser587@618.org,test1234
cwchatteruser588@618.org,test1234
cwchatteruser589@618.org,test1234
cwchatteruser590@618.org,test1234
cwchatteruser591@618.org,test1234
cwchatteruser592@618.org,test1234
cwchatteruser593@618.org,test1234
cwchatteruser594@618.org,test1234
cwchatteruser595@618.org,test1234
cwchatteruser596@618.org,test1234
cwchatteruser597@618.org,test1234
cwchatteruser598@618.org,test1234
cwchatteruser599@618.org,test1234
cwchatteruser600@618.org,test1234
cwchatteruser601@618.org,test1234
cwchatteruser602@618.org,test1234
cwchatteruser603@618.org,test1234
cwchatteruser604@618.org,test1234
cwchatteruser605@618.org,test1234
cwchatteruser606@618.org,test1234
cwchatteruser607@618.org,test1234
cwchatteruser608@618.org,test1234
cwchatteruser609@618.org,test1234
cwchatteruser610@618.org,test1234
cwchatteruser611@618.org,test1234
cwchatteruser612@618.org,test1234
cwchatteruser613@618.org,test1234
cwchatteruser614@618.org,test1234
cwchatteruser615@618.org,test1234
cwchatteruser616@618.org,test1234
cwchatteruser617@618.org,test1234
cwchatteruser618@618.org,test1234
cwchatteruser619@618.org,test1234
cwchatteruser620@618.org,test1234
cwchatteruser621@618.org,test1234
cwchatteruser622@618.org,test1234
cwchatteruser623@618.org,test1234
cwchatteruser624@618.org,test1234
cwchatteruser625@618.org,test1234
cwchatteruser626@618.org,test1234
cwchatteruser627@618.org,test1234
cwchatteruser628@618.org,test1234
cwchatteruser629@618.org,test1234
cwchatteruser630@618.org,test1234
cwchatteruser631@618.org,test1234
cwchatteruser632@618.org,test1234
cwchatteruser633@618.org,test1234
cwchatteruser634@618.org,test1234
cwchatteruser635@618.org,test1234
cwchatteruser636@618.org,test1234
cwchatteruser637@618.org,test1234
cwchatteruser638@618.org,test1234
cwchatteruser639@618.org,test1234
cwchatteruser640@618.org,test1234
cwchatteruser641@618.org,test1234
cwchatteruser642@618.org,test1234
cwchatteruser643@618.org,test1234
cwchatteruser644@618.org,test1234
cwchatteruser645@618.org,test1234
cwchatteruser646@618.org,test1234
cwchatteruser647@618.org,test1234
cwchatteruser648@618.org,test1234
cwchatteruser649@618.org,test1234
cwchatteruser650@618.org,test1234
cwchatteruser651@618.org,test1234
cwchatteruser652@618.org,test1234
cwchatteruser653@618.org,test1234
cwchatteruser654@618.org,test1234
cwchatteruser655@618.org,test1234
cwchatteruser656@618.org,test1234
cwchatteruser657@618.org,test1234
cwchatteruser658@618.org,test1234
cwchatteruser659@618.org,test1234
cwchatteruser660@618.org,test1234
cwchatteruser661@618.org,test1234
cwchatteruser662@618.org,test1234
cwchatteruser663@618.org,test1234
cwchatteruser664@618.org,test1234
cwchatteruser665@618.org,test1234
cwchatteruser666@618.org,test1234
cwchatteruser667@618.org,test1234
cwchatteruser668@618.org,test1234
cwchatteruser669@618.org,test1234
cwchatteruser670@618.org,test1234
cwchatteruser671@618.org,test1234
cwchatteruser672@618.org,test1234
cwchatteruser673@618.org,test1234
cwchatteruser674@618.org,test1234
cwchatteruser675@618.org,test1234
cwchatteruser676@618.org,test1234
cwchatteruser677@618.org,test1234
cwchatteruser678@618.org,test1234
cwchatteruser679@618.org,test1234
cwchatteruser680@618.org,test1234
cwchatteruser681@618.org,test1234
cwchatteruser682@618.org,test1234
cwchatteruser683@618.org,test1234
cwchatteruser684@618.org,test1234
cwchatteruser685@618.org,test1234
cwchatteruser686@618.org,test1234
cwchatteruser687@618.org,test1234
cwchatteruser688@618.org,test1234
cwchatteruser689@618.org,test1234
cwchatteruser690@618.org,test1234
cwchatteruser691@618.org,test1234
cwchatteruser692@618.org,test1234
cwchatteruser693@618.org,test1234
cwchatteruser694@618.org,test1234
cwchatteruser695@618.org,test1234
cwchatteruser696@618.org,test1234
cwchatteruser697@618.org,test1234
cwchatteruser698@618.org,test1234
cwchatteruser699@618.org,test1234
cwchatteruser700@618.org,test1234
cwchatteruser701@618.org,test1234
cwchatteruser702@618.org,test1234
cwchatteruser703@618.org,test1234
cwchatteruser704@618.org,test1234
cwchatteruser705@618.org,test1234
cwchatteruser706@618.org,test1234
cwchatteruser707@618.org,test1234
cwchatteruser708@618.org,test1234
cwchatteruser709@618.org,test1234
cwchatteruser710@618.org,test1234
cwchatteruser711@618.org,test1234
cwchatteruser712@618.org,test1234
cwchatteruser713@618.org,test1234
cwchatteruser714@618.org,test1234
cwchatteruser715@618.org,test1234
cwchatteruser716@618.org,test1234
cwchatteruser717@618.org,test1234
cwchatteruser718@618.org,test1234
cwchatteruser719@618.org,test1234
cwchatteruser720@618.org,test1234
cwchatteruser721@618.org,test1234
cwchatteruser722@618.org,test1234
cwchatteruser723@618.org,test1234
cwchatteruser724@618.org,test1234
cwchatteruser725@618.org,test1234
cwchatteruser726@618.org,test1234
cwchatteruser727@618.org,test1234
cwchatteruser728@618.org,test1234
cwchatteruser729@618.org,test1234
cwchatteruser730@618.org,test1234
cwchatteruser731@618.org,test1234
cwchatteruser732@618.org,test1234
cwchatteruser733@618.org,test1234
cwchatteruser734@618.org,test1234
cwchatteruser735@618.org,test1234
cwchatteruser736@618.org,test1234
cwchatteruser737@618.org,test1234
cwchatteruser738@618.org,test1234
cwchatteruser739@618.org,test1234
cwchatteruser740@618.org,test1234
cwchatteruser741@618.org,test1234
cwchatteruser742@618.org,test1234
cwchatteruser743@618.org,test1234
cwchatteruser744@618.org,test1234
cwchatteruser745@618.org,test1234
cwchatteruser746@618.org,test1234
cwchatteruser747@618.org,test1234
cwchatteruser748@618.org,test1234
cwchatteruser749@618.org,test1234
cwchatteruser750@618.org,test1234
cwchatteruser751@618.org,test1234
cwchatteruser752@618.org,test1234
cwchatteruser753@618.org,test1234
cwchatteruser754@618.org,test1234
cwchatteruser755@618.org,test1234
cwchatteruser756@618.org,test1234
cwchatteruser757@618.org,test1234
cwchatteruser758@618.org,test1234
cwchatteruser759@618.org,test1234
cwchatteruser760@618.org,test1234
cwchatteruser761@618.org,test1234
cwchatteruser762@618.org,test1234
cwchatteruser763@618.org,test1234
cwchatteruser764@618.org,test1234
cwchatteruser765@618.org,test1234
cwchatteruser766@618.org,test1234
cwchatteruser767@618.org,test1234
cwchatteruser768@618.org,test1234
cwchatteruser769@618.org,test1234
cwchatteruser770@618.org,test1234
cwchatteruser771@618.org,test1234
cwchatteruser772@618.org,test1234
cwchatteruser773@618.org,test1234
cwchatteruser774@618.org,test1234
cwchatteruser775@618.org,test1234
cwchatteruser776@618.org,test1234
cwchatteruser777@618.org,test1234
cwchatteruser778@618.org,test1234
cwchatteruser779@618.org,test1234
cwchatteruser780@618.org,test1234
cwchatteruser781@618.org,test1234
cwchatteruser782@618.org,test1234
cwchatteruser783@618.org,test1234
cwchatteruser784@618.org,test1234
cwchatteruser785@618.org,test1234
cwchatteruser786@618.org,test1234
cwchatteruser787@618.org,test1234
cwchatteruser788@618.org,test1234
cwchatteruser789@618.org,test1234
cwchatteruser790@618.org,test1234
cwchatteruser791@618.org,test1234
cwchatteruser792@618.org,test1234
cwchatteruser793@618.org,test1234
cwchatteruser794@618.org,test1234
cwchatteruser795@618.org,test1234
cwchatteruser796@618.org,test1234
cwchatteruser797@618.org,test1234
cwchatteruser798@618.org,test1234
cwchatteruser799@618.org,test1234
cwchatteruser800@618.org,test1234
cwchatteruser801@618.org,test1234
cwchatteruser802@618.org,test1234
cwchatteruser803@618.org,test1234
cwchatteruser804@618.org,test1234
cwchatteruser805@618.org,test1234
cwchatteruser806@618.org,test1234
cwchatteruser807@618.org,test1234
cwchatteruser808@618.org,test1234
cwchatteruser809@618.org,test1234
cwchatteruser810@618.org,test1234
cwchatteruser811@618.org,test1234
cwchatteruser812@618.org,test1234
cwchatteruser813@618.org,test1234
cwchatteruser814@618.org,test1234
cwchatteruser815@618.org,test1234
cwchatteruser816@618.org,test1234
cwchatteruser817@618.org,test1234
cwchatteruser818@618.org,test1234
cwchatteruser819@618.org,test1234
cwchatteruser820@618.org,test1234
cwchatteruser821@618.org,test1234
cwchatteruser822@618.org,test1234
cwchatteruser823@618.org,test1234
cwchatteruser824@618.org,test1234
cwchatteruser825@618.org,test1234
cwchatteruser826@618.org,test1234
cwchatteruser827@618.org,test1234
cwchatteruser828@618.org,test1234
cwchatteruser829@618.org,test1234
cwchatteruser830@618.org,test1234
cwchatteruser831@618.org,test1234
cwchatteruser832@618.org,test1234
cwchatteruser833@618.org,test1234
cwchatteruser834@618.org,test1234
cwchatteruser835@618.org,test1234
cwchatteruser836@618.org,test1234
cwchatteruser837@618.org,test1234
cwchatteruser838@618.org,test1234
cwchatteruser839@618.org,test1234
cwchatteruser840@618.org,test1234
cwchatteruser841@618.org,test1234
cwchatteruser842@618.org,test1234
cwchatteruser843@618.org,test1234
cwchatteruser844@618.org,test1234
cwchatteruser845@618.org,test1234
cwchatteruser846@618.org,test1234
cwchatteruser847@618.org,test1234
cwchatteruser848@618.org,test1234
cwchatteruser849@618.org,test1234
cwchatteruser850@618.org,test1234
cwchatteruser851@618.org,test1234
cwchatteruser852@618.org,test1234
cwchatteruser853@618.org,test1234
cwchatteruser854@618.org,test1234
cwchatteruser855@618.org,test1234
cwchatteruser856@618.org,test1234
cwchatteruser857@618.org,test1234
cwchatteruser858@618.org,test1234
cwchatteruser859@618.org,test1234
cwchatteruser860@618.org,test1234
cwchatteruser861@618.org,test1234
cwchatteruser862@618.org,test1234
cwchatteruser863@618.org,test1234
cwchatteruser864@618.org,test1234
cwchatteruser865@618.org,test1234
cwchatteruser866@618.org,test1234
cwchatteruser867@618.org,test1234
cwchatteruser868@618.org,test1234
cwchatteruser869@618.org,test1234
cwchatteruser870@618.org,test1234
cwchatteruser871@618.org,test1234
cwchatteruser872@618.org,test1234
cwchatteruser873@618.org,test1234
cwchatteruser874@618.org,test1234
cwchatteruser875@618.org,test1234
cwchatteruser876@618.org,test1234
cwchatteruser877@618.org,test1234
cwchatteruser878@618.org,test1234
cwchatteruser879@618.org,test1234
cwchatteruser880@618.org,test1234
cwchatteruser881@618.org,test1234
cwchatteruser882@618.org,test1234
cwchatteruser883@618.org,test1234
cwchatteruser884@618.org,test1234
cwchatteruser885@618.org,test1234
cwchatteruser886@618.org,test1234
cwchatteruser887@618.org,test1234
cwchatteruser888@618.org,test1234
cwchatteruser889@618.org,test1234
cwchatteruser890@618.org,test1234
cwchatteruser891@618.org,test1234
cwchatteruser892@618.org,test1234
cwchatteruser893@618.org,test1234
cwchatteruser894@618.org,test1234
cwchatteruser895@618.org,test1234
cwchatteruser896@618.org,test1234
cwchatteruser897@618.org,test1234
cwchatteruser898@618.org,test1234
cwchatteruser899@618.org,test1234
cwchatteruser900@618.org,test1234
cwchatteruser901@618.org,test1234
cwchatteruser902@618.org,test1234
cwchatteruser903@618.org,test1234
cwchatteruser904@618.org,test1234
cwchatteruser905@618.org,test1234
cwchatteruser906@618.org,test1234
cwchatteruser907@618.org,test1234
cwchatteruser908@618.org,test1234
cwchatteruser909@618.org,test1234
cwchatteruser910@618.org,test1234
cwchatteruser911@618.org,test1234
cwchatteruser912@618.org,test1234
cwchatteruser913@618.org,test1234
cwchatteruser914@618.org,test1234
cwchatteruser915@618.org,test1234
cwchatteruser916@618.org,test1234
cwchatteruser917@618.org,test1234
cwchatteruser918@618.org,test1234
cwchatteruser919@618.org,test1234
cwchatteruser920@618.org,test1234
cwchatteruser921@618.org,test1234
cwchatteruser922@618.org,test1234
cwchatteruser923@618.org,test1234
cwchatteruser924@618.org,test1234
cwchatteruser925@618.org,test1234
cwchatteruser926@618.org,test1234
cwchatteruser927@618.org,test1234
cwchatteruser928@618.org,test1234
cwchatteruser929@618.org,test1234
cwchatteruser930@618.org,test1234
cwchatteruser931@618.org,test1234
cwchatteruser932@618.org,test1234
cwchatteruser933@618.org,test1234
cwchatteruser934@618.org,test1234
cwchatteruser935@618.org,test1234
cwchatteruser936@618.org,test1234
cwchatteruser937@618.org,test1234
cwchatteruser938@618.org,test1234
cwchatteruser939@618.org,test1234
cwchatteruser940@618.org,test1234
cwchatteruser941@618.org,test1234
cwchatteruser942@618.org,test1234
cwchatteruser943@618.org,test1234
cwchatteruser944@618.org,test1234
cwchatteruser945@618.org,test1234
cwchatteruser946@618.org,test1234
cwchatteruser947@618.org,test1234
cwchatteruser948@618.org,test1234
cwchatteruser949@618.org,test1234
cwchatteruser950@618.org,test1234
cwchatteruser951@618.org,test1234
cwchatteruser952@618.org,test1234
cwchatteruser953@618.org,test1234
cwchatteruser954@618.org,test1234
cwchatteruser955@618.org,test1234
cwchatteruser956@618.org,test1234
cwchatteruser957@618.org,test1234
cwchatteruser958@618.org,test1234
cwchatteruser959@618.org,test1234
cwchatteruser960@618.org,test1234
cwchatteruser961@618.org,test1234
cwchatteruser962@618.org,test1234
cwchatteruser963@618.org,test1234
cwchatteruser964@618.org,test1234
cwchatteruser965@618.org,test1234
cwchatteruser966@618.org,test1234
cwchatteruser967@618.org,test1234
cwchatteruser968@618.org,test1234
cwchatteruser969@618.org,test1234
cwchatteruser970@618.org,test1234
cwchatteruser971@618.org,test1234
cwchatteruser972@618.org,test1234
cwchatteruser973@618.org,test1234
cwchatteruser974@618.org,test1234
cwchatteruser975@618.org,test1234
cwchatteruser976@618.org,test1234
cwchatteruser977@618.org,test1234
cwchatteruser978@618.org,test1234
cwchatteruser979@618.org,test1234
cwchatteruser980@618.org,test1234
cwchatteruser981@618.org,test1234
cwchatteruser982@618.org,test1234
cwchatteruser983@618.org,test1234
cwchatteruser984@618.org,test1234
cwchatteruser985@618.org,test1234
cwchatteruser986@618.org,test1234
cwchatteruser987@618.org,test1234
cwchatteruser988@618.org,test1234
cwchatteruser989@618.org,test1234
cwchatteruser990@618.org,test1234
cwchatteruser991@618.org,test1234
cwchatteruser992@618.org,test1234
cwchatteruser993@618.org,test1234
cwchatteruser994@618.org,test1234
cwchatteruser995@618.org,test1234
cwchatteruser996@618.org,test1234
cwchatteruser997@618.org,test1234
cwchatteruser998@618.org,test1234
cwchatteruser999@618.org,test1234
cwchatteruser1000@618.org,test1234